{
  "claim_boundary": "This seeded toy world tests finite-context inheritance mechanics using the existing Endurance Gate requirement graph. It does not establish that deployed agents possess fatigue, that capsules generalize across models, or that synthetic context pressure matches transformer attention.",
  "compression_witness": {
    "active_context_ratio_160": 0.14666332201040386,
    "active_context_ratio_40": 0.43765184991785844,
    "active_context_ratio_80": 0.2654448168159893,
    "checkpoint_accuracy_delta_40": 0.10260416674999995,
    "critical_omission_delta_160": -0.5487500000000001,
    "critical_omission_delta_40": -0.17093749999999996,
    "critical_omission_delta_80": -0.425
  },
  "effects": {
    "capsule_vs_summary": {
      "differences": [
        -141.0,
        -60.0,
        81.0,
        60.0,
        141.0,
        60.0,
        121.0,
        141.0,
        141.0,
        80.0,
        20.0,
        60.0,
        -60.0,
        60.0,
        -60.0,
        41.0,
        41.0,
        40.0,
        -40.0,
        -60.0,
        -100.0,
        -81.0,
        141.0,
        141.0,
        81.0,
        80.0,
        21.0,
        0.0,
        81.0,
        61.0,
        21.0,
        121.0,
        -40.0,
        141.0,
        40.0,
        -141.0,
        20.0,
        101.0,
        121.0,
        -20.0,
        -100.0,
        80.0,
        81.0,
        80.0,
        20.0,
        81.0,
        120.0,
        0.0,
        -101.0,
        121.0,
        100.0,
        41.0,
        121.0,
        140.0,
        80.0,
        -41.0,
        -20.0,
        -40.0,
        40.0,
        -1.0,
        20.0,
        121.0,
        60.0,
        -20.0,
        -80.0,
        0.0,
        81.0,
        141.0,
        -20.0,
        101.0,
        20.0,
        61.0,
        121.0,
        141.0,
        -40.0,
        0.0,
        -80.0,
        60.0,
        60.0,
        81.0
      ],
      "directional_consistency": 0.7105263157894737,
      "exact_sign_flip_p": 2.0560610360819354e-05,
      "mean_confidence_interval": [
        22.175,
        54.825
      ],
      "mean_difference_cycles": 38.5625,
      "median_confidence_interval": [
        20.5,
        80.0
      ],
      "median_difference_cycles": 60.0,
      "negative_count": 22,
      "nonzero_pair_count": 76,
      "paired_difference_count": 80,
      "positive_count": 54,
      "zero_count": 4
    },
    "conflict_vs_capsule": {
      "differences": [
        0.0,
        0.0,
        0.0,
        0.0,
        0.0,
        0.0,
        0.0,
        -21.0,
        0.0,
        0.0,
        0.0,
        61.0,
        0.0,
        0.0,
        0.0,
        0.0,
        0.0,
        0.0,
        -60.0,
        0.0,
        0.0,
        0.0,
        0.0,
        0.0,
        0.0,
        0.0,
        0.0,
        0.0,
        0.0,
        0.0,
        0.0,
        0.0,
        0.0,
        0.0,
        0.0,
        0.0,
        0.0,
        0.0,
        0.0,
        0.0,
        101.0,
        0.0,
        0.0,
        0.0,
        0.0,
        0.0,
        0.0,
        0.0,
        0.0,
        0.0,
        0.0,
        0.0,
        0.0,
        0.0,
        0.0,
        0.0,
        0.0,
        0.0,
        0.0,
        0.0,
        0.0,
        0.0,
        0.0,
        -40.0,
        0.0,
        0.0,
        0.0,
        0.0,
        0.0,
        0.0,
        -40.0,
        0.0,
        0.0,
        0.0,
        0.0,
        0.0,
        0.0,
        0.0,
        0.0,
        0.0
      ],
      "directional_consistency": 0.6666666666666666,
      "exact_sign_flip_p": 1.0,
      "mean_confidence_interval": [
        -3.2625,
        3.8
      ],
      "mean_difference_cycles": 0.0125,
      "median_confidence_interval": [
        0.0,
        0.0
      ],
      "median_difference_cycles": 0.0,
      "negative_count": 4,
      "nonzero_pair_count": 6,
      "paired_difference_count": 80,
      "positive_count": 2,
      "zero_count": 74
    },
    "pressure_disabled_capsule_vs_continuous": {
      "differences": [
        -141.0,
        -141.0,
        -1.0,
        -61.0,
        0.0,
        -61.0,
        0.0,
        0.0,
        0.0,
        -61.0,
        -121.0,
        -61.0,
        -141.0,
        -81.0,
        -141.0,
        0.0,
        0.0,
        -41.0,
        -61.0,
        -101.0,
        -121.0,
        -81.0,
        0.0,
        0.0,
        0.0,
        -61.0,
        0.0,
        -141.0,
        0.0,
        0.0,
        0.0,
        0.0,
        -121.0,
        0.0,
        -61.0,
        -141.0,
        -81.0,
        0.0,
        0.0,
        -101.0,
        -101.0,
        -61.0,
        0.0,
        -61.0,
        -101.0,
        0.0,
        -21.0,
        -121.0,
        -101.0,
        0.0,
        -21.0,
        0.0,
        0.0,
        -1.0,
        -1.0,
        -41.0,
        -41.0,
        -141.0,
        -101.0,
        -1.0,
        -81.0,
        0.0,
        -1.0,
        0.0,
        -121.0,
        -141.0,
        0.0,
        0.0,
        -141.0,
        0.0,
        -101.0,
        0.0,
        0.0,
        0.0,
        -61.0,
        -81.0,
        -101.0,
        -21.0,
        -61.0,
        0.0
      ],
      "directional_consistency": 1.0,
      "exact_sign_flip_p": 3.552713678800501e-15,
      "mean_confidence_interval": [
        -61.4625,
        -37.975
      ],
      "mean_difference_cycles": -49.3625,
      "median_confidence_interval": [
        -61.0,
        -0.5
      ],
      "median_difference_cycles": -41.0,
      "negative_count": 49,
      "nonzero_pair_count": 49,
      "paired_difference_count": 80,
      "positive_count": 0,
      "zero_count": 31
    }
  },
  "gate_count": 7,
  "gates": {
    "capsule_accuracy_noninferiority_40": {
      "observed_checkpoint_accuracy_delta": 0.10260416674999995,
      "passed": true,
      "threshold": -0.01
    },
    "capsule_vs_summary_endurance": {
      "observed": {
        "differences": [
          -141.0,
          -60.0,
          81.0,
          60.0,
          141.0,
          60.0,
          121.0,
          141.0,
          141.0,
          80.0,
          20.0,
          60.0,
          -60.0,
          60.0,
          -60.0,
          41.0,
          41.0,
          40.0,
          -40.0,
          -60.0,
          -100.0,
          -81.0,
          141.0,
          141.0,
          81.0,
          80.0,
          21.0,
          0.0,
          81.0,
          61.0,
          21.0,
          121.0,
          -40.0,
          141.0,
          40.0,
          -141.0,
          20.0,
          101.0,
          121.0,
          -20.0,
          -100.0,
          80.0,
          81.0,
          80.0,
          20.0,
          81.0,
          120.0,
          0.0,
          -101.0,
          121.0,
          100.0,
          41.0,
          121.0,
          140.0,
          80.0,
          -41.0,
          -20.0,
          -40.0,
          40.0,
          -1.0,
          20.0,
          121.0,
          60.0,
          -20.0,
          -80.0,
          0.0,
          81.0,
          141.0,
          -20.0,
          101.0,
          20.0,
          61.0,
          121.0,
          141.0,
          -40.0,
          0.0,
          -80.0,
          60.0,
          60.0,
          81.0
        ],
        "directional_consistency": 0.7105263157894737,
        "exact_sign_flip_p": 2.0560610360819354e-05,
        "mean_confidence_interval": [
          22.175,
          54.825
        ],
        "mean_difference_cycles": 38.5625,
        "median_confidence_interval": [
          20.5,
          80.0
        ],
        "median_difference_cycles": 60.0,
        "negative_count": 22,
        "nonzero_pair_count": 76,
        "paired_difference_count": 80,
        "positive_count": 54,
        "zero_count": 4
      },
      "passed": true,
      "thresholds": {
        "median_gain_cycles": 4.0,
        "p_max": 0.1
      }
    },