mode,run_count,median_n_f,mean_n_f,failure_rate,mean_checkpoint_accuracy,mean_total_tokens,subcritical_first_failure_rate
fresh_ground_truth,104,21.0,17.990384615384617,0.25,0.9967948716346153,5810.7692307692305,0.25
persistent_history,104,5.0,6.355769230769231,1.0,0.5999599356730769,5348.7307692307695,0.9711538461538461
prose_summary,104,3.0,3.2788461538461537,1.0,0.5306490389423076,5294.7692307692305,0.5192307692307693
receipt_ancestry,104,5.0,6.846153846153846,1.0,0.7369791664423077,5681.384615384615,0.9807692307692307
