schedule,run_count,median_n_f,mean_n_f,failure_rate,mean_checkpoint_accuracy,mean_total_tokens,subcritical_first_failure_rate
alternating,104,5.0,8.721153846153847,0.8076923076923077,0.7153445511538461,5537.0192307692305,0.6442307692307693
high_to_low,104,4.0,7.4423076923076925,0.8076923076923077,0.7127403847115384,5556.798076923077,0.5769230769230769
low_to_high,104,9.0,9.98076923076923,0.8173076923076923,0.7255608974038462,5501.625,0.7980769230769231
randomized,104,5.0,8.326923076923077,0.8173076923076923,0.710737179423077,5540.211538461538,0.7019230769230769
